Product,Description,Features,Supplier Note,Polished,Source
Bella/Canvas 3010,"A heavyweight streetwear tee cut from 6 oz. 100% Airlume combed and ring-spun cotton with a structured, boxy silhouette. Dropped shoulders and a relaxed fit give it an on-trend look, while side seams and a tear-away label make it easy to customize.","6 oz./yd² (US), 10 oz./L yd (CA), 100% Airlume combed and ring-spun cotton, 20 singles|Athletic Heather is 90/10 Airlume combed and ring-spun cotton/polyester|Heavyweight|Pre-shrunk|Relaxed/boxy fit|Drop shoulder|Double-needle stitched neck|Side seams|Tear away label",Made  in a WRAP-accredited (platinum) and bluesign certified facility partnered with the Fair Labor Association.,,
OAD 108,A jumbo gusseted tote built from durable 12 oz. 100% cotton canvas with a spacious main compartment for everyday hauling. Long self-fabric handles and a non-branded label make it a clean canvas for custom branding.,"12 oz./L yd, 100% cotton canvas|22"" self-fabric handles|20""W x 15""H x 5""D bottom gusset|Non-branded label/tag", ,,
Independent Trading Co. IND4000,"The original heavyweight pullover hoodie in a substantial 10 oz. 3-end fleece with a 100% cotton face for a smooth, print-ready surface. A generous fit, fleece-lined hood, nickel eyelets and 1x1 ribbing deliver retail-quality comfort.","10 oz./yd² (US), 16.7 oz./L yd (CA), 70/30 ring-spun cotton/polyester 3-end fleece with 100% cotton face, 32 singles|Heather colors are 52/48 cotton/polyester|Camo colors are 75/25 cotton/polyester|Generous fit|Fleece-lined hood|Split-stitch double-needle sewing on all seams|Twill neck tape|1x1  ribbing at cuffs and waistband|Nickel  eyelets|Tear away label",Made in a WRAP certified facility. ,,
Richardson 168,"A contemporary seven-panel trucker with a seamless front and a high-profile crown, built for bold decoration. Cotton/poly twill front panels pair with a breathable polyester mesh back and a flat bill finished with an adjustable snapback.","60/40 cotton/polyester twill front|100% polyester mesh back|Structured, seven-panel, Hi Pro profile|Flat bill|Adjustable snapback closure|One size fits most",Richardson is an official partner of Captains for Clean Water.,,
Richardson 112,"The best-selling structured trucker with firm, decoration-ready cotton/poly front panels and a breathable mesh back. A pre-curved bill and adjustable snapback deliver a classic mid-profile fit.","60/40 cotton/polyester twill front|100% polyester mesh back|Structured, six-panel, mid-profile|Pre-curved bill|Adjustable snapback closure|One size fits most",,,
Valucap VC300A,"An unstructured, low-profile dad cap made from soft 100% bio-washed chino twill for a lived-in feel. A pre-curved visor and self-fabric tri-glide buckle give it a relaxed, everyday fit.","100% bio-washed chino twill|Unstructured, six-panel, low-profile|Pre-curved visor|Self-fabric tri-glide buckle closure - antique brass|Tear away label|Adjustable","Made in a WRAP certified, Higg-assessed facility.",,
Valucap SP500,"A relaxed pigment-dyed dad cap in soft 100% cotton twill with a washed, vintage look. Unstructured six-panel construction, a pre-curved visor and a tri-glide buckle give it an easy, adjustable fit.","100% cotton, pigment-dyed twill|Unstructured, six-panel, low-profile|Pre-curved visor|Tri-glide buckle closure|Adjustable",Made in a WRAP certified facility. (limited source data),,
Q-Tees 25L Q600,A jumbo 25L tote in heavy 12 oz. 100% cotton canvas with a squared shape and bottom gusset for maximum capacity. Long webbed handles and double-stitched seams make it a durable promotional carry-all.,"12 oz./yd² (US), 20 oz./L yd (CA), 100% heavy cotton canvas|Bottom gusset|23"" web canvas handles|10"" handle drop|20""W x 15""H x 5""D",,,
Adam's LP101,"A low-profile, unstructured dad hat in 100% garment-washed, pigment-dyed cotton twill with a slightly distressed finish. An exclusive Cool-Crown mesh lining, self-fabric sweatband and tuck-away leather back strap add comfort and a premium look.","100% garment-washed, pigment-dyed cotton twill|Cool-Crown mesh lining|Unstructured, six-panel, low-profile|Pre-curved bill|Self-fabric sweatband|Tuck-away leather back strap with antiqued brass buckle and grommet|Adjustable",Made in an OEKO-TEX certified facility.,,
Hanes GDH100,"A lightweight garment-dyed tee in 5.5 oz. US-grown 100% ring-spun cotton with a vintage-washed, super-soft hand. Enzyme washing and a ribbed set-in collar deliver no-shrink comfort wash after wash.","5.5 oz./yd², US grown 100% ring-spun cotton|Garment/enzyme  washed|Double-needle  coverstitched|Twill neck tape|Ribbed set-in collar|Shoulder-to-shoulder taping|3/4"" hems|Twill label",Made  in an OEKO-TEX and FLA certified facility; contains US-grown BCI cotton. ,,
Next Level 3600,"A soft, retail-fit crew tee in 4.3 oz. 100% combed ring-spun cotton with a lightweight 32-singles hand. Pre-laundered with side seams for a modern, trend-right silhouette.","4.3 oz./yd² (US), 7.2 oz./L yd (CA), 100% combed ring-spun cotton, 32 singles|Heather Grey is 90/10 cotton/polyester|Oatmeal is 99/1 cotton/polyester|Regular fit|Self 3/8"" shoulder-to-shoulder binding|3/4"" neckband with 1x1 rib|Side seams|Tear away label",Made in an FLA certified facility.,,
Richardson 112RE,"A sustainable take on the iconic 112 trucker built from 100% recycled polyester twill. Keeps the structured six-panel, mid-profile crown, pre-curved bill and adjustable snapback of the original.","100% recycled polyester twill|Structured, six-panel, mid-profile|Pre-curved bill|Adjustable snapback closure|One size fits most",Contains 100% recycled polyester;  made in a WRAP certified facility; official partner of Captains for Clean Water.,,
Bella/Canvas 3001Ycvc,The youth version of the popular Heather CVC tee in soft 4.2 oz. 52/48 Airlume combed ring-spun cotton/polyester with a vintage heathered texture. Side seams and a retail fit make it a print-ready everyday staple.,"4.2 oz./yd², 52/48 Airlume combed ring-spun cotton/polyester, 32 singles|Athletic Heather and Black Heather are 90/10|Side-seamed|Retail fit|Tear away label",Made in a WRAP-accredited facility; Bella+Canvas uses bluesign certified dyes and solar-powered cutting.,,
Bella/Canvas 4810GD,"A heavyweight garment-dyed tee in 6.5 oz. 100% ring-spun cotton with a washed, lived-in look and an ultra-premium dry hand. A dense weave resists shrinkage and torquing while a relaxed, inclusive fit and semi-dropped shoulder give it a modern silhouette.","6.5 oz./yd², 100% ring-spun cotton, 18 singles|Cotton thread for dye absorption|Relaxed, inclusive fit|Semi-dropped shoulder|7/8"" ribbed neckband with double-needle topstitching|Side seams|Enhanced tear away label",,,
As Colour 5026,"A heavyweight classic tee in 6.5 oz. 22-singles 100% combed cotton, built for printing and durability. Neck ribbing, side seams, shoulder-to-shoulder tape and double-needle hems keep it structured, and the fabric is preshrunk to minimize shrinkage.","6.5 oz. (approx.), 22 singles, 100% combed cotton|Regular fit|Crew neck|Neck ribbing|Side seams|Shoulder-to-shoulder tape|Double-needle hems|Preshrunk",Made  under Amfori BSCI ethical trade standards.,,
As Colour 5001,"A mid-weight staple tee in 5.3 oz. 100% combed cotton with a regular fit and a soft, smooth finish. Neck ribbing, side seams and double-needle hems give it lasting, retail-quality construction.","5.3 oz. (180 GSM), 100% combed cotton (marles contain 15% viscose)|Regular fit|Crew  neck|Neck ribbing|Side seams|Shoulder-to-shoulder tape|Double-needle hems|Preshrunk",Made under Amfori BSCI ethical trade standards.,,
Port & Co PC099,"A beach-wash garment-dyed tee in 5.5 oz. 100% ring-spun cotton with a soft, broken-in feel and casual, washed color. A 1x1 rib-knit collar and standard fit make it a comfortable, print-ready blank.","5.5 oz./yd², 100% garment-dyed ring-spun cotton|Standard fit|1x1 rib-knit collar|Prepared-for-dye construction|Tear away label",Garment-dyed; slight color variation is inherent to the process. (limited source data),,
LAT 3507,"A women's fine jersey V-neck in 4.5 oz. 100% combed ring-spun cotton with a modern, semi-fitted cut. A topstitched ribbed V-neck, side seams and double-needle hems give it a clean retail finish.","4.5 oz./yd², 100% combed ring-spun cotton, 30 singles|Heather  colors are 90/10 cotton/polyester|Semi-fitted fit|Topstitched ribbed V-neck collar|Self-fabric  back neck tape|Side seams|Double-needle sleeves and hem|EasyTear label",Made in an OEKO-TEX certified facility.,,
Independent Trading Co SS4500z,"A midweight full-zip hoodie in 8.5 oz. 80/20 ring-spun cotton/polyester fleece with a 100% cotton face for smooth printing. A jersey-lined hood, metal zipper and 1x1 ribbing deliver durable, everyday comfort.","8.5 oz./yd² (US), 14.1 oz./L yd (CA), 80/20 ring-spun cotton/polyester fleece with 100% cotton face, 20 singles|Grey Heather is 75/25|Classic fit|Jersey-lined hood|Split-stitch  double-needle sewing on all seams|Twill neck tape|1x1 ribbing at cuffs and waistband|Metal eyelets and zipper|Front pouch pockets|Tear  away label",Made in a WRAP certified facility.,,
Bella Canvas 3719,"A sponge fleece pullover hoodie in a soft 8 oz. 52/48 Airlume combed ring-spun cotton/polyester blend with a smooth, print-ready surface. A retail fit, front pouch pocket, and ribbed cuffs and waistband make it a modern everyday layer.","8 oz./yd², 52/48 Airlume combed ring-spun cotton/polyester fleece, 32 singles|Athletic Heather is 90/10|Heather Navy is 60/40|Retail fit|White drawcords|Front pouch pocket|Ribbed cuffs and waistband|Side seams|Tear away label",Made in a WRAP certified facility; Bella+Canvas is an FLA participating company. ,,
Bella Canvas 3739,A sponge fleece full-zip hoodie in soft 8 oz. Airlume cotton/polyester fleece with kangaroo pockets and a full-zip closure. Ribbed cuffs and waistband and a tear-away label make it easy to wear and customize.,"8 oz./yd², 52/48 Airlume combed ring-spun cotton/polyester fleece, 32 singles|Athletic Heather is 90/10|Heather Navy is 60/40|Retail fit|Full-zip closure with white taping and drawcords|Kangaroo pockets|Ribbed cuffs and waistband|Side seams|Tear away label",Made in a WRAP certified facility; Bella+Canvas is an FLA participating company.,,
Independent Trading Co PRM4500,"A midweight pigment-dyed pullover hoodie in 9 oz. 80/20 ring-spun cotton/polyester fleece with a 100% cotton face and a unique, washed character. A jersey-lined hood, pouch pocket and 1x1 ribbing give it a soft, vintage feel.","9 oz./yd² (US), 15 oz./L yd (CA), 80/20 ring-spun cotton/polyester fleece with 100% cotton face, 30 singles|Pigment-dyed for unique character|Classic fit|Jersey-lined hood with sewn eyelets|Split-stitch double-needle sewing on all seams|Twill neck tape|1x1 ribbing at cuffs and waistband|Dyed-to-match drawcord|Pouch pocket|Woven label",Meets OEKO-TEX Standard 100 and made in a WRAP certified facility.,,
Independent Trading Co SS1000Z,"A lightweight loopback terry full-zip hoodie in 7.5 oz. 55/45 ring-spun cotton/polyester with a smooth, print-ready surface. Antique silver hardware, double shoelace drawcords and 1x1 ribbing give it a premium retail look in a slim unisex fit.","7.5 oz./yd² (US), 12.5 oz./L yd (CA), 55/45 ring-spun cotton/polyester loopback terry, 20 singles|Unisex, slim fit|Antique silver zipper and eyelets|Double shoelace drawcords with antique silver metal tips|Twill neck tape|1x1 ribbing at cuffs and waistband|Tear away label",Made in a WRAP certified facility.,,
Independent Trading Co SS1000,"A lightweight loopback terry pullover hoodie in 7.5 oz. 55/45 ring-spun cotton/polyester with a smooth surface ideal for printing. Double metal-tipped shoelace drawcords, antique silver eyelets and 1x1 ribbing give it a premium feel in a slim unisex fit.","7.5 oz./yd² (US), 12.5 oz./L yd (CA), 55/45 ring-spun cotton/polyester loopback terry, 20 singles|Unisex, slim fit|Antique silver eyelets|Double shoelace drawcords with antique silver metal tips|Twill neck tape|1x1 ribbing at cuffs and waistband|Tear away label",Made in a WRAP certified facility.,,
AS Colour 5050,"A mid-weight tubular tee in 200 GSM 100% carded cotton with a regular fit and clean, seamless sides. Neck ribbing, shoulder-to-shoulder tape and double-needle hems give it durable, everyday construction.","200 GSM (approx. 5.9 oz.), 20 singles, 100% carded cotton (marles contain 15% viscose)|Regular fit|Crew neck|Neck ribbing|Tubular body (no side seams)|Shoulder-to-shoulder tape|Double-needle hems|Preshrunk",Meets OEKO-TEX Standard 100; made under Amfori BSCI standards.,,
AS Colour 1123,"A mid-profile rope cap in lightweight 100% recycled nylon with a quick-dry, surf-inspired build. A single seamless front panel, contrast crown rope and adjustable snapback give it a clean, decoration-ready look.","100% recycled nylon (lightweight, quick-dry)|Mid-profile snapback|Flat peak|Single front panel|Contrast matte nylon rope at crown|Tonal under-peak lining|One size|Tear-out label",Made with 100% recycled nylon. (limited source data),,
AS Colour 1114,"A mid-profile surf cap in lightweight 100% recycled nylon with a quick-dry, unstructured build. A single seamless front panel and adjustable snapback make it an easy, decoration-ready style.","100% recycled nylon (lightweight, quick-dry)|Mid-profile unstructured snapback|Single front panel|Tonal under-peak lining|One size|Tear-out label",Made with 100% recycled nylon. (limited source data),,
Liberty Bags 8503,The Isabella tote in durable 12 oz. 100% cotton canvas with extra-long handles and a roomy gusseted body. Reinforced stress-point stitching keeps it sturdy for everyday and promotional use.,"12 oz./yd², 100% cotton canvas|24"" cotton web handles|Bottom gusset|Approx. 14.75""W x 14.75""H x 4.5""D|Reinforced stress-point stitching|Non-branded label",,,
Q-Tees QTB6000,"A contrast-handle tote in 6 oz. 100% natural cotton sheeting with color-pop self-fabric handles. A lightweight, flat body makes it an economical promotional carry.","6 oz./yd² (US), 10 oz./L yd (CA), 100% cotton sheeting|23"" contrast self-fabric handles|10.5"" handle drop|Approx. 10.5""W x 16""H",,,
Q-Tees QTB,"An economical tote in 6 oz. 100% cotton sheeting with a simple, flat body and self-fabric handles. A lightweight, budget-friendly blank for everyday promotions.","6 oz./yd² (US), 10 oz./L yd (CA), 100% cotton sheeting|20.5"" self-fabric handles|9.5"" handle drop|15""W x 16""H",,,
Next Level 5080,"A women's festival crop top in ultra-light 3.5 oz. 65/35 poly/cotton with a soft, breathable hand. A modest crop length, crew neck and raw-edge hem give it a laid-back festival look.","3.5 oz./yd², 65/35 polyester/combed ring-spun cotton, 40 singles|Self 3/8"" shoulder-to-shoulder binding|Crew neck|Modest crop length|Raw-edge hem|Classic fit",Made in a socially conscious manufacturing facility.,,
Independent Trading Co PRM180PT,"A premium pigment-dyed tee in 5.3 oz. 100% ring-spun cotton with a soft, washed hand and unique color character. A 1x1 ribbed collar and standard fit make it a retail-quality blank.","5.3 oz./yd² (180g), 100% ring-spun cotton, 26 singles|Grey Heather is 60/40 cotton/polyester|Pigment-dyed|1x1  neck ribbing|Jersey neck taping|Standard  fit|Tear away label",Pigment-dyed; slight color variation is inherent to the process. (limited source data),,
Yupoong 6606,"A retro trucker cap with structured, buckram-backed poly/cotton front panels and a breathable mesh back. A mid-profile crown, Permacurv visor and snapback closure give it a classic, decoration-ready shape.","65/35 polyester/cotton front (rolling change to 74/26)|100% polyester mesh back|Structured, six-panel, mid-profile|Permacurv pre-curved visor with 8-row stitching|Matching undervisor|Snapback closure|One size fits most",,,
Yupoong 6006,"A classic five-panel trucker with a structured, high-profile front and a breathable mesh back. A flat bill and adjustable snapback deliver a clean, retro silhouette ideal for decoration.","47/28/25 cotton/nylon/polyester front|100% polyester mesh back|Structured, five-panel, high-profile|Flat bill|Matching undervisor|Snapback closure|One size fits most",Made in an OEKO-TEX certified facility.,,
Richardson 112FP,"A five-panel version of the iconic 112 trucker with a clean, seamless front for uninterrupted decoration. Cotton/poly twill front panels pair with a mesh back, pre-curved bill and adjustable snapback.","60/40 cotton/polyester twill front|100% polyester mesh back|Structured, five-panel, mid-profile|Pre-curved contrast-stitch bill|Adjustable snapback closure|One size fits most",,,
Next Level 1533,"A women's ideal racerback tank in 4 oz. 60/40 combed ring-spun cotton/polyester with a soft, laundered hand. Self-fold binding, a racerback cut and a curved hem give it a flattering, sporty fit.","4.0 oz./yd² (135g), 60/40 combed ring-spun cotton/polyester, 30 singles|Fabric  laundered|Regular fit|Self 3/8"" double-fold binding with coverstitch at neck and armhole|Racerback|Curved bottom hem|Side seams|Tear away label",Made in an FLA certified facility.,,
Next Level 6733,"A women's triblend racerback tank in ultra-soft 4.3 oz. 50/25/25 poly/cotton/rayon with a lightweight drape and subtle heathered texture. Flatlock raw-edge hems and side seams give it a modern, retail-ready finish.","4.3 oz./yd² (US), 7.2 oz./L yd (CA), 50/25/25 polyester/combed ring-spun cotton/rayon,  32 singles|Fabric laundered|Flatlock  finished hems for raw-edge look|Scoop neck|Side seams|Satin label",Made  in an FLA certified facility.,,
Next Level 1580,"A women's ideal crop top in 4 oz. 60/40 combed ring-spun cotton/polyester with a soft, relaxed hand. A modest crop length and crew neck give it an easy, casual look.","4.0 oz./yd², 60/40 combed ring-spun cotton/polyester, 30 singles|Self 3/8"" shoulder-to-shoulder binding|Crew neck|Modest crop length|Relaxed fit",Made in a socially conscious manufacturing facility.,,
Bella Canvas 1019,"A women's micro-rib racer tank in 5.4 oz. 52/48 Airlume combed ring-spun cotton/polyester with a stretchy, fitted feel. A high neck, racerback and 1x1 micro rib give it a modern, body-skimming silhouette.","5.4 oz./yd² (183g), 52/48 Airlume combed ring-spun cotton/polyester, 32 singles|Athletic Heather is 90/10|High neck|Racerback|1x1 micro rib|Mid length|Side seams|Fitted stretch fit|Tear away label",Made in a WRAP-accredited and bluesign certified facility; Bella+Canvas is an FLA participating company.,,
Richardson 146R,"A waffle-knit cuffed beanie in soft mid-weight 100% acrylic with a cozy, textured look. A folded cuff and top-seam knit give it a classic, everyday fit.","100% acrylic|Waffle knit|Approx. 11.5"" length|Top-seam (4-panel) knit|Folded/adjustable cuff|One size",(limited source data),,
Atlantis_Headwear RIO,"A sustainable rib-cuffed beanie in a 50/50 recycled polyester/acrylic ribbed knit with a soft, warm hand. QR-code traceability and recycled content make it an eco-minded everyday beanie.","50/50 recycled polyester/acrylic|Narrow ribbed knit|Approx. 11"" length with cuff|QR-code traceability|One size",GRS certified; contains 50% recycled polyester; made in a BSCI/SMETA-audited facility.,,
Atlantis_Headwear SHORE,"A sustainable cable-knit cuffed beanie in a 50/50 recycled polyester/acrylic blend with a chunky, textured look. Recycled content and QR-code traceability give it eco-friendly credentials.","50/50 recycled polyester/acrylic|Cable knit|Approx. 11"" length with cuff|QR-code traceability|One size",GRS certified; contains 50% recycled polyester; made in a BSCI/SMETA-audited facility.,,
Atlantis_Headwear ANDY,"A sustainable fine-ribbed cuffed beanie in recycled polyester with a slim, clean knit. A pre-established cuff and QR-code traceability make it an eco-minded, retail-ready style.","100% recycled polyester (older lots 50/50 recycled polyester/acrylic)|Fine ribbed knit|Approx. 11"" length with 2.5"" cuff|QR-code traceability|One size",GRS and OEKO-TEX certified; contains recycled polyester; made in a BSCI/SMETA-audited facility.,,
Atlantis_Headwear WIND,"A sustainable 12-inch knit beanie in 100% recycled polyester with a longer, cuffless silhouette. Each hat recycles two plastic bottles and carries QR-code traceability.","100% recycled polyester|12"" knit, long/cuffless|Two bottles recycled per hat|QR-code traceability|One size",GRS certified; contains 100% recycled polyester; made in a BSCI/SMETA-audited facility.,,
Sportsman_SP12 SP12,"A 12-inch solid cuffed beanie in warm 100% acrylic with an adjustable fold cuff. A simple, classic knit makes it an easy, budget-friendly blank for decoration.","100% acrylic|Heather Grey is 62/38 acrylic/polyester|12""  knit|Adjustable cuff (approx. 3"")|One size","Made in a WRAP certified, Higg-assessed facility.",,
District DT1103,"A perfect-weight full-zip fleece hoodie in soft 9 oz. 80/20 combed ring-spun cotton/poly fleece with a 100% cotton face for smooth printing. A jersey-lined hood, 2x1 rib cuffs and hem and a tear-away label give it a modern, retail feel.","9 oz./yd² (305 GSM), 80/20 combed ring-spun cotton/polyester 3-end fleece with 100% cotton face|Heathers are 65/35|Jersey-lined hood|Full-zip closure|Dyed-to-match drawcords with metal tips|Twill back neck tape|2x1 rib knit cuffs and hem|Tear away label",,,
District DT1101,"A perfect-weight pullover fleece hoodie in soft 9 oz. 80/20 combed ring-spun cotton/poly fleece with a 100% cotton face for crisp prints. A jersey-lined hood, 2x1 rib cuffs and hem and a tear-away label keep it comfortable and easy to customize.","9 oz./yd² (305 GSM), 80/20 combed ring-spun cotton/polyester 3-end fleece with 100% cotton face|Heathers are 65/35|Jersey-lined  hood|Dyed-to-match drawcords with metal tips|Twill back neck tape|2x1 rib knit cuffs and hem|Tear away label",,,
Richardson 256,"The Umpqua gramps hat, a soft-structured five-panel cap in a striated woven cotton/nylon blend with a flat bill and outdoor-ready build. A mesh flip-up stay  and UPF 50+ protection make it a laid-back, sun-smart style.","Striated woven cotton/nylon blend|Cotton sweatband|Soft-structured, five-panel|Mid/Hi Pro crown|Flat bill|Mesh flip-up stay|UPF 50+|Adjustable",(limited source data),,
Atlantis PURE,A sustainable cuffed beanie knit from Polylana recycled/modified polyester and acrylic in a soft double-layer construction. QR-code traceability and a low-impact fiber make it an eco-minded everyday beanie.,"60/40 recycled polyester/acrylic using Polylana fiber|Double-layer circular knit|Approx. 13"" length with cuff|QR-code traceability|One size|Tear away label",Meets OEKO-TEX Standard 100; uses low-impact Polylana fiber; made in a BSCI/SMETA-audited facility.,,
Bella/Canvas 6008,"A women's jersey racerback tank in soft 4.2 oz. 100% Airlume combed ring-spun cotton with a relaxed drape. A racerback cut, merrowed hem and side seams give it a flattering, casual fit.","4.2 oz./yd² (US), 7.2 oz./L yd (CA), 100% Airlume combed ring-spun cotton, 32 singles|Athletic Heather is 90/10|Relaxed fit|Racerback|Merrowed bottom hem|Side seams|Tear away label",Made  in a bluesign certified facility.,,
OAD 106,A gusseted tote in durable 12 oz. 100% cotton canvas with a roomy body and self-fabric handles. A non-branded label makes it a clean blank for custom branding.,"12 oz./L yd, 100% cotton canvas|20"" self-fabric handles|15""W x 16""H x 3""D bottom gusset|Non-branded label",,,
Hanes P160,"A unisex EcoSmart crewneck sweatshirt in 7.8 oz. 50/50 cotton/polyester PrintPro XP fleece with a smooth, low-pill surface. Made with up to 5% recycled polyester,  it features double-needle coverseaming and ribbed cuffs and waistband.","7.8 oz./yd² (264g), 50/50 cotton/polyester fleece with up to 5% recycled polyester|Low-pill PrintPro XP fleece|Double-needle coverseamed neck and armholes|Ribbed cuffs and waistband with spandex|Unisex  classic fit",Made  with recycled polyester from plastic bottles.,,
Bella/Canvas 3001Y,"The youth version of the best-selling 3001 jersey tee in soft 4.2 oz. 100% Airlume combed ring-spun cotton. Side seams, a retail fit and a tear-away label make it a print-ready everyday staple.","4.2 oz./yd², 100% Airlume combed ring-spun cotton, 32 singles|Ash is 99/1 cotton/polyester|Side-seamed|Retail fit|Pre-shrunk|Tear away label",Made in a WRAP-accredited facility; Bella+Canvas uses bluesign certified dyes.,,
Bella/Canvas 6400CVC,"A women's relaxed Heather CVC tee in soft 4.2 oz. 52/48 Airlume combed ring-spun cotton/polyester with a vintage heathered texture. A crew neck, relaxed fit and side seams make it a versatile everyday tee.","4.2 oz./yd² (142g), 52/48 Airlume combed ring-spun cotton/polyester, 32 singles|Athletic Heather and Black Heather are 90/10|Crew neck|Relaxed fit|Side seams|Pre-shrunk|Tear away label",Made in a WRAP-accredited facility; Bella+Canvas uses bluesign certified dyes and solar-powered cutting.,,
Bella/Canvas 6405,"A women's relaxed jersey V-neck tee in soft 4.2 oz. 100% Airlume combed ring-spun cotton with a contemporary, looser fit. Side seams and a tear-away label make it a comfortable, print-ready blank.","4.2 oz./yd² (US), 7 oz./L yd (CA), 100% Airlume combed ring-spun cotton, 32 singles|Athletic and Black Heather are 90/10|Heather/CVC colors are 52/48|Relaxed fit|V-neck|Side seams|Tear away label",Made in a WRAP-accredited and bluesign certified facility; Bella+Canvas is an FLA participating company.,,
Bella/Canvas 3480,"A unisex jersey tank in soft 4.2 oz. 100% Airlume combed ring-spun cotton with a retail fit and clean side-seamed construction. A versatile, print-ready blank in a wide range of colors.","4.2 oz./yd² (US), 7 oz./L yd (CA), 100% Airlume combed ring-spun cotton, 32 singles|Ash is 99/1|Athletic Heather is 90/10|Heather/CVC colors are 52/48|Side-seamed|Retail fit|Unisex sizing|Tear away label",Made in a WRAP-accredited facility; Bella+Canvas uses bluesign certified dyes.,,
Next Level 5030,"A women's festival scoop-neck tee in ultra-light 3.5 oz. 65/35 poly/cotton with a soft, breathable hand. A scoop neck and exaggerated drop-tail hem give it a relaxed festival look.","3.5 oz./yd², 65/35 polyester/combed ring-spun cotton, 40 singles|Scoop neck|Exaggerated drop-tail hem|Hemmed sleeves with raw edge|Self 3/8"" shoulder binding|Classic fit",Made in a socially conscious manufacturing facility.,,
Next Level 6760,"A women's triblend dolman tee in ultra-soft 4.3 oz. 50/25/25 poly/cotton/rayon with a lightweight drape. A scoop neck, hemmed dolman sleeves and curved hem give it a relaxed, flattering silhouette.","4.3 oz./yd² (7.2 oz./L yd CA), 50/25/25 polyester/combed ring-spun cotton/rayon, 32 singles|Fabric laundered|Set-in 1x1 triblend baby-rib collar with coverstitch|Scoop neck|Hemmed dolman sleeves|Curved hem|Side seams|Relaxed fit|Satin label",Made in a socially conscious manufacturing facility.,,
Bella/Canvas 3501,"A unisex jersey long sleeve tee in soft 4.2 oz. 100% Airlume combed ring-spun cotton with a retail fit. Side seams and ribbed cuffs give it a clean, modern finish.","4.2 oz./yd², 100% Airlume combed ring-spun cotton, 32 singles|Ash is 99/1|Retail fit|Side-seamed|Ribbed cuffs|Pre-shrunk|Tear away label",Made in a WRAP-accredited facility; Bella+Canvas uses bluesign certified dyes.,,
Bella/Canvas 3501CVC,"A Heather CVC long sleeve tee in soft 4.2 oz. 52/48 Airlume combed ring-spun cotton/polyester with a vintage heathered texture. Side seams, ribbed cuffs and a retail fit make it a print-ready everyday layer.","4.2 oz./yd², 52/48 Airlume combed ring-spun cotton/polyester, 32 singles|Athletic Heather and Black Heather are 90/10|Retail fit|Side-seamed|Ribbed cuff|Tear away label","Made in a WRAP certified, FLA participating facility.",,
Bella/Canvas 6682,"A women's racerback crop tank in soft 4.2 oz. 52/48 Airlume combed ring-spun cotton/polyester with a relaxed cropped fit. A racerback cut, raw-edge armholes and side seams give it a laid-back look.","4.2 oz./yd², 52/48 Airlume combed ring-spun cotton/polyester, 32 singles|Athletic Heather is 90/10|Relaxed cropped fit|Racerback|Raw-edge armholes|Side seams|Tear away label",Made in a WRAP-accredited and bluesign certified facility; Bella+Canvas is an FLA participating company.,,
Bella/Canvas 6482,"A women's jersey crop tee in soft 4.2 oz. 100% Airlume combed ring-spun cotton with a relaxed body and oversized sleeves. A cropped length and neck binding give it a modern, casual silhouette.","4.2 oz./yd², 100% Airlume combed ring-spun cotton, 32 singles|Athletic Heather is 90/10|Relaxed cropped body|Neck binding|Oversized sleeves|Finished hem|Tear away label",Made in a WRAP-accredited facility; Bella+Canvas uses bluesign certified dyes.,,
Bella/Canvas 6400,"A women's relaxed jersey tee in soft 4.2 oz. 100% Airlume combed ring-spun cotton with a contemporary, looser fit. A crew neck, side seams and a smooth, DTG-ready surface make it a versatile everyday tee.","4.2 oz./yd² (US), 7 oz./L yd (CA), 100% Airlume combed ring-spun cotton, 32 singles|Athletic and Black Heather are 90/10|Crew neck|Relaxed fit|Side seams|Tear away label",Made in a WRAP-accredited and bluesign certified facility; Bella+Canvas is an FLA participating company.,,
Bella/Canvas 8803,"A women's flowy scoop muscle tank in lightweight 3.7 oz. 65/35 polyester/viscose with a soft, drapey hand. Low-cut armholes and a curved hem give it a relaxed, breezy silhouette.","3.7 oz./yd² (6.2 oz./L yd CA), 65/35 polyester/viscose, 32 singles|Athletic Heather is 52/48 poly/viscose|Relaxed drapey fit|Low-cut armholes|Curved bottom hem|Side seams|Tear away label",Made in a WRAP-accredited facility; Bella+Canvas uses bluesign certified dyes.,,
Bella/Canvas 3413,"A triblend tee in ultra-soft 3.8 oz. 50/25/25 poly/Airlume cotton/rayon with a lightweight drape and subtle heathered texture. Side seams and a modern unisex fit make it a premium, print-ready blank.","3.8 oz./yd² (6.7 oz./L yd CA), 50/25/25 polyester/Airlume combed ring-spun cotton/rayon, 40 singles|Black Heather Triblend is 70/15/15|Side-seamed|Modern fit|Unisex sizing",Made in a WRAP-accredited and bluesign certified facility; Bella+Canvas is an FLA participating company.,,
Next Level 6410,"A unisex sueded tee in soft 4.3 oz. 60/40 combed ring-spun cotton/polyester with a brushed, peached hand. A 1x1 sueded rib collar and side seams give it a smooth, retail-ready finish.","4.3 oz./yd² (7.2 oz./L yd CA), 60/40 combed ring-spun cotton/polyester sueded jersey, 32 singles|Fabric laundered|Regular fit|1x1 sueded baby-rib set-in collar|Side seams|Satin label",Made in a socially conscious manufacturing facility; poly content transitioning to recycled polyester.,,
Next Level 7200,"A unisex heavyweight tee in substantial 6.8 oz. 100% US combed ring-spun cotton with a structured, relaxed fit. A raised 1-inch collar, dropped shoulders and side seams give it a premium streetwear look.","6.8 oz./yd² (230g), 100% US combed ring-spun cotton, 16 singles|Heather Gray is 90/10|Relaxed fit|1"" raised neckband|Self 3/8"" shoulder binding|Dropped shoulder|Side seams|Double-needle bottom hem|Tear  away label",Made in a socially conscious manufacturing facility.,,
Next Level 7610,"A women's heavyweight boxy tee in substantial 6.8 oz. 100% combed ring-spun cotton with a relaxed, cropped-boxy silhouette. A crew neck and side seams give it a trend-right, structured look.","6.8 oz./yd², 100% combed ring-spun cotton, 16 singles|Heather Grey is 90/10|Self 3/8"" shoulder-to-shoulder binding|Crew neck|Relaxed boxy fit|Side seams",Made in a socially conscious manufacturing facility.,,
Next Level 5033,"A women's festival tank in ultra-light 3.5 oz. 65/35 poly/cotton with a soft, breezy drape. A scoop neckline, hemmed armholes and curved hem give it a relaxed festival feel.","3.5 oz./yd², 65/35 polyester/combed ring-spun cotton, 40 singles|Scoop neckline|Hemmed  neck and armholes|Side-seamed|Curved  hem",Made in a socially conscious manufacturing facility.,,
Next Level 5013,"A women's festival muscle tank in ultra-light 3.5 oz. 65/35 poly/cotton with a relaxed, sleeveless fit. Oversized armholes and a slight drop-tail hem give it an easy, festival-ready look.","3.5 oz./yd², 65/35 polyester/combed ring-spun cotton, 40 singles|Relaxed muscle fit|Hemmed oversized armholes|1x1 baby-rib set-in collar|Side-seamed|Slight drop-tail hem",Made in a socially conscious manufacturing facility.,,
Next Level 5083,"A women's festival crop tank in ultra-light 3.5 oz. 65/35 poly/cotton with a fitted, cropped silhouette. A soft, breathable hand makes it an easy festival layer.","3.5 oz./yd², 65/35 polyester/combed ring-spun cotton, 40 singles|Fitted cropped length|Side-seamed",Made in a socially conscious manufacturing facility.,,
Next Level 6600,"A women's CVC relaxed tee in soft 4.3 oz. 60/40 ring-spun cotton/polyester with a heathered, vintage-soft hand. A 1x1 baby-rib collar and side seams give it a clean, retail-ready finish.","4.3 oz./yd² (US), 7.2 oz./L yd (CA), 60/40 ring-spun cotton/polyester, 32 singles|Relaxed fit|1x1 baby-ribbed set-in collar|Side seams|Tear away label",Made in a socially conscious manufacturing facility.,,
Independent Trading Co PRM3500,"A midweight pigment-dyed crewneck sweatshirt in 9 oz. 80/20 ring-spun cotton/polyester fleece with a 100% cotton face and washed, one-of-a-kind color. Split-stitch seams and 1x1 ribbing give it a soft, durable feel.","9 oz./yd² (US), 15 oz./L yd (CA), 80/20 ring-spun cotton/polyester fleece with 100% cotton face, 30 singles|Pigment-dyed for unique character|Classic fit|Split-stitch double-needle sewing on all seams|Twill neck tape|1x1 ribbing at neck, cuffs and waistband|Woven label",Meets OEKO-TEX Standard 100 and made in a WRAP certified facility.,,
Bella/Canvas 3901,"A unisex sponge fleece raglan crewneck sweatshirt in plush 8 oz. 52/48 Airlume combed ring-spun cotton/polyester with a soft, print-ready surface. Raglan sleeves, 1x1 ribbing and a retail fit give it a modern, comfortable look.","8 oz./yd² (271g), 52/48 Airlume combed ring-spun cotton/polyester sponge fleece, 32 singles|Athletic Heather is 90/10|Heather Navy is 60/40|Crew neck|Raglan sleeves|1x1 ribbed cuffs and waistband|Side-seamed|Retail fit|Tear away label",Made in a WRAP-accredited facility; Bella+Canvas uses bluesign certified dyes.,,
Bella/Canvas 3001cvc,"Airlume combed and ring-spun cotton at 4.2 oz, knit in 32 singles, gives this heather tee an ultra-smooth surface that takes ink cleanly. Side seams and shoulder taping keep the classic unisex fit in shape. Blend shifts by heather, from 52/48 cotton-poly to 99% cotton prisms.","Side-seamed.|Shoulder taping.|Classic fit.|Unisex sizing.|Heather CVC Colors: 52% Airlume combed and ring-spun cotton, 48% polyester, 32 singles, 4.2 oz.|Athletic Heather and Black Heather CVC: 90% Airlume combed and ring-spun cotton, 10% polyester, 32 singles, 4.2 oz.|Heather Prism Colors: 99% Airlume combed and ring-spun cotton, 1% polyester, 32 singles, 4.2 oz.|Heather Prism Blue: 90% Airlume combed and ring-spun cotton, 10% polyester, 32 singles, 4.2 oz.|Sizes: XS-5XL|crew neck, tailored fit",,,https://www.bellacanvas.com/product/3001CVC/Unisex-Heather-CVC-Short-Sleeve-Tee.html
Next Level Apparel 6010,"A 4.3 oz tri-blend jersey, 50/25/25 polyester, combed ring-spun cotton and rayon, knit at 32 singles so it reads fine and smooth rather than beefy. The blend drapes close with plenty of stretch and recovery, and the crew-neck body runs XS through 3XL.","6010 Tri-Blend T-Shirt|50/25/25 blend (50% Polyester, 25% Combed Ring-Spun Cotton, 25% Rayon)|Thread Weight: 32 Singles, 145g / 4.3oz.|Crew Neck|Sizes XS-3XL|""Our smooth silky t-shirt that drapes the best. Part of our premium collection, our tri-blend has the greatest stretch and recovery.""",,,https://www.nextlevelapparel.com/products/unisex-tri-blend-t-shirt-vintage-black
Royal Apparel 5051,"A 4.4 oz/sq yd combed ring-spun cotton jersey tee, side seamed with shoulder-to-shoulder tape and a set-on rib collar. Double-needle sleeve and bottom hems hold their shape, and the tear-away label leaves a clean neck. Made in the USA; heather grey is a 90/10 cotton-poly.",FABRIC: 100% Combed Ring Spun Cotton 4.4 oz/sq yd|Heather Grey is 90% Cotton / 10% Polyester|Set on rib collar|Double needle sleeve hem & bottom hem|Tape shoulder to shoulder|Side seamed|TEAR AWAY label|MADE IN: USA,,,https://www.royalapparel.net/product/5051/Unisex-Short-Sleeve-Tee.html
Bella/Canvas 3001,"A 4.2 oz jersey knit from 100% Airlume combed and ring-spun cotton in 32 singles, giving a smooth face that takes ink cleanly. Side seams and shoulder taping keep the body from twisting, and the classic unisex fit runs XS-5XL. Ash carries 1% polyester.","Side-seamed.|Classic fit.|Unisex sizing.|Shoulder taping.|Fabrication: 100% Airlume combed and ring-spun cotton, 32 singles, 4.2 oz.|Ash: 99% Airlume combed and ring-spun cotton, 1% polyester.|Sizes: XS-5XL|Crew neck|Available in 86 unique colors","Made under ethical working conditions in facilities certified by W.R.A.P., and dyed primarily with bluesign approved dyes in California-based facilities.",,https://www.bellacanvas.com/cgi-bin/live/wam_tmpl/catalog_product_new.p?site=canvas&layout=Base&page=catalog_product_new&product=3001
Independent Trading Co SS4500,"The SS4500 is an 8.5 oz cotton/polyester fleece pullover with a 32-singles cotton face that holds ink cleanly. Split-stitch double-needle sewing runs on all seams, with twill neck tape, a tear away label and 1x1 ribbing at the cuffs and waistband. Standard fit, jersey lined hood, metal eyelets.",8.5 oz (280 gm) cotton/polyester blend fleece|jersey lined hood|split stitch double needle sewing on all seams|twill neck tape|tear away neck label|1x1 ribbing at cuffs & waistband|metal eyelets|standard fit|Solid Colors & Camo: 80% Cotton/20% Polyester with 100% Cotton 32 Singles Face Yarn for supreme print ability and softness|Safety Colors: 55% Cotton/45% Polyester|Gunmetal Heather & Grey Heather: 75% Cotton/25% Polyester with 32 Singles Face Yarn|Ash Heather: 60% Cotton/40% Polyester with 32 Singles Face Yarn|All Other Heather Colors: 55% Cotton/45% Polyester with 32 Singles Face Yarn,,,https://www.independenttradingco.com/products/ss4500
Hanes P170,"An 8 oz./yd² 50/50 US grown cotton/polyester midweight fleece built on patented low-pill, high-stitch-density PrintPro XP fabric, so the face stays smooth under ink. Classic fit, with a two-ply self-fabric hood on metal grommets, dyed-to-match tipped drawcords, ribbed cuffs and waistband, and a pouch pocket.","8 oz./yd²., 50/50 US grown cotton/polyester|Safety Green is compliant with ANSI / ISEA 107-2020 high visibility standards|Midweight|Patented low-pill, high-stitch-density PrintPro® XP fabric for easy embellishment|Classic fit|Self-fabric two ply hood with metal grommets|Dyed-to-match round and tipped drawcords|Double-needle stitched neckline and armholes|Ribbed cuffs and waistband|Pouch pocket|Tear away label",This product was made in a facility that is OEKO-TEX and FLA certified.,,https://www.ssactivewear.com/p/hanes/p170
Independent Trading Co. IND330BLV,"A 10 oz (330 gm) cotton/polyester 3-end fleece pullover cut boxy with a drop shoulder and no drawcord. Solid and pigment-dyed colors run 70/30 with a 100% cotton 32-singles face yarn, heathers 52/48. Blindstitch seams and a double layer 1-piece hood keep the build clean.","10 oz./yd² (330 gm) 70/30 ring-spun cotton/polyester blend 3-end fleece with 100% cotton face yarn, 32 singles|Deadwood Tree Camo is 70/30 cotton/polyester|Heather colors are 52/48 cotton/polyester|Boxy fit with drop shoulder|No drawcord|Double layer 1-piece hood|Blind stitch sewing on all seams for an understated simplified design|Tear away label (woven label on Pigment Black)|Please note: The pigment-dyeing process gives each garment unique character. Please allow for slight color variation in production and washing.",,,https://www.independenttradingco.com/products/ind330blv
